<environmentvariabledefinition schemaname="archer_ButtonText">
  <description default="Sample: #FFFFFF">
    <label description="Sample: #FFFFFF" languagecode="1033" />
  </description>
  <displayname default="ButtonText">
    <label description="ButtonText" languagecode="1033" />
  </displayname>
  <introducedversion>1.0.0.0</introducedversion>
  <iscustomizable>1</iscustomizable>
  <isrequired>0</isrequired>
  <secretstore>0</secretstore>
  <type>100000000</type>
</environmentvariabledefinition>