<environmentvariabledefinition schemaname="archer_TextRegular">
  <description default="Sample: #888888">
    <label description="Sample: #888888" languagecode="1033" />
  </description>
  <displayname default="TextRegular">
    <label description="TextRegular" languagecode="1033" />
  </displayname>
  <introducedversion>1.0.0.0</introducedversion>
  <iscustomizable>1</iscustomizable>
  <isrequired>0</isrequired>
  <secretstore>0</secretstore>
  <type>100000000</type>
</environmentvariabledefinition>