<environmentvariabledefinition schemaname="archer_ButtonSkip">
  <description default="Sample: #F4F4F4">
    <label description="Sample: #F4F4F4" languagecode="1033" />
  </description>
  <displayname default="ButtonSkip">
    <label description="ButtonSkip" languagecode="1033" />
  </displayname>
  <introducedversion>1.0.0.0</introducedversion>
  <iscustomizable>1</iscustomizable>
  <isrequired>0</isrequired>
  <secretstore>0</secretstore>
  <type>100000000</type>
</environmentvariabledefinition>