<environmentvariabledefinition schemaname="archer_TileBackground">
  <description default="Sample: #F5F5F5">
    <label description="Sample: #F5F5F5" languagecode="1033" />
  </description>
  <displayname default="TileBackground">
    <label description="TileBackground" languagecode="1033" />
  </displayname>
  <introducedversion>1.0.0.0</introducedversion>
  <iscustomizable>1</iscustomizable>
  <isrequired>0</isrequired>
  <secretstore>0</secretstore>
  <type>100000000</type>
</environmentvariabledefinition>