<environmentvariabledefinition schemaname="archer_AzureOpenAIKey">
  <description default="Azure OpenAI Key">
    <label description="Azure OpenAI Key" languagecode="1033" />
  </description>
  <displayname default="AzureOpenAIKey">
    <label description="AzureOpenAIKey" languagecode="1033" />
  </displayname>
  <introducedversion>1.0.0.0</introducedversion>
  <iscustomizable>1</iscustomizable>
  <isrequired>0</isrequired>
  <secretstore>0</secretstore>
  <type>100000000</type>
</environmentvariabledefinition>