<environmentvariabledefinition schemaname="archer_ButtonHover">
  <description default="Sample: #46A3E3">
    <label description="Sample: #46A3E3" languagecode="1033" />
  </description>
  <displayname default="ButtonHover">
    <label description="ButtonHover" languagecode="1033" />
  </displayname>
  <introducedversion>1.0.0.0</introducedversion>
  <iscustomizable>1</iscustomizable>
  <isrequired>0</isrequired>
  <secretstore>0</secretstore>
  <type>100000000</type>
</environmentvariabledefinition>