<environmentvariabledefinition schemaname="archer_AzureOpenAIHost">
  <description default="Example: YOURRESOURCENAME.openai.azure.com">
    <label description="Example: YOURRESOURCENAME.openai.azure.com" languagecode="1033" />
  </description>
  <displayname default="AzureOpenAIHost">
    <label description="AzureOpenAIHost" languagecode="1033" />
  </displayname>
  <introducedversion>1.0.0.0</introducedversion>
  <iscustomizable>1</iscustomizable>
  <isrequired>0</isrequired>
  <secretstore>0</secretstore>
  <type>100000000</type>
</environmentvariabledefinition>